id,phase,size,sync_component,diac_component,lineage_size,meta,label,x,y,z
5_2014,2014,11,-1,42,6.597366637693639,3d parallel data bayesian coordinates,Remco Chang_2014_2017,-5.227074,-0.41337073,-4.9160953
36_2014,2014,14,0,49,6.394412442265982,simulation weather simulations data climate,Yunhai Wang_2014_2017,-6.6787195,0.08299266,-6.44793
6_2014,2014,13,-1,6,6.647557433679181,data visual visualization analysis graph,Jarke J. van Wijk_2014_2017,-5.884809,-0.0031715569,-5.660363
49_2011,2011,10,5,41,6.4950608260149005,data visual visualization analysis graph,Jason Dykes_2011_2014,-4.657474,4.833883,-5.7892323
47_2011,2011,2,0,18,5.8087787510777025,data visual visualization analysis graph,Torsten Möller_2011_2014,-4.859673,4.6620646,-5.9373264
40_2011,2011,36,0,25,5.349152946309534,data visual visualization analysis graph,Huamin Qu_2011_2014,-4.753173,4.0017533,-5.6559362
38_2011,2011,19,0,10,5.834896322566518,visualization molecular data analysis medical,David S. Ebert_2011_2014,-4.8113956,4.7571125,-5.9166017
7_2011,2011,17,0,43,6.235053101129713,visualization molecular data analysis medical,Ross Maciejewski_2011_2014,-4.740315,4.7998776,-5.859764
35_2011,2011,15,0,23,5.1541464141083475,data visual visualization analysis graph,Min Chen 0001_2011_2014,-4.5190144,3.6025476,-5.322392
25_2014,2014,37,-1,7,6.4523978395356725,data visual visualization analysis graph,Cláudio T. Silva_2014_2017,-6.8786874,-0.09415227,-6.592435
30_2014,2014,18,0,34,6.593452309700639,data visual visualization analysis graph,Wei Chen 0001_2014_2017,-6.863023,0.047548134,-6.6157417
40_2014,2014,50,0,25,6.258464511861737,data visual visualization analysis graph,Huamin Qu_2014_2017,-6.9365964,-0.11050957,-6.6437473
42_2011,2011,28,2,37,6.25942371606958,data visual visualization analysis graph,Tobias Schreck_2011_2014,-4.865243,4.7150636,-5.9570456
33_2014,2014,18,-1,15,6.094710906011614,layouts layout labeling labels label,Klaus Mueller 0001_2014_2017,-5.344225,-0.34252805,-5.0480633
10_2014,2014,42,-1,40,6.721899234804245,data visual visualization analysis graph,Xiaoru Yuan_2014_2017,-5.4843183,-0.2924924,-5.1964726
46_2011,2011,14,0,32,5.085528303951194,data visual visualization analysis graph,Niklas Elmqvist_2011_2014,-4.4805984,3.4096568,-5.23316
5_2011,2011,12,1,42,5.680138422723689,data visual visualization analysis graph,Remco Chang_2011_2014,-4.6886225,4.7716165,-5.8023477
17_2002,2002,12,-1,13,6.330641504316524,volume flow rendering fields field,Rüdiger Westermann_2002_2005,10.297518,0.51762027,9.77583
35_2008,2008,10,-1,23,5.869286561631234,simulation weather simulations data climate,Min Chen 0001_2008_2011,-0.39772075,3.2811174,-1.2681204
8_2002,2002,8,0,8,6.569286551116433,volume flow rendering fields field,Hanspeter Pfister_2002_2005,10.309054,0.44577935,9.8063965
25_2011,2011,30,-1,7,4.960352754722529,data visual visualization analysis graph,Cláudio T. Silva_2011_2014,-4.4046283,3.2106767,-5.106128
0_2011,2011,9,-1,19,5.768686217550981,data visual visualization analysis graph,Gerik Scheuermann_2011_2014,-6.0766478,4.165432,-6.9742656
44_2011,2011,26,2,5,5.506453825997062,data visual visualization analysis graph,Daniel A. Keim_2011_2014,-4.743578,4.799092,-5.862692
24_2008,2008,33,5,24,4.86297867694536,simulation weather simulations data climate,Helwig Hauser_2008_2011,2.9194589,6.7969103,0.97263426
43_2002,2002,5,1,33,6.027254004655636,volume flow rendering fields field,Markus Hadwiger_2002_2005,10.259281,0.738318,9.679237
34_2008,2008,29,3,36,4.553789621604763,data visual visualization analysis graph,Bongshin Lee_2008_2011,-1.339821,1.8370162,-1.7838018
49_2014,2014,15,-1,41,6.122618660396942,3d parallel data bayesian coordinates,Jason Dykes_2014_2017,-6.864263,0.39337558,-6.710617
49_2008,2008,29,-1,41,4.639622396106226,data visual visualization analysis graph,Jason Dykes_2008_2011,-1.2555369,1.8052663,-1.6940686
4_2008,2008,53,1,20,5.030115353614709,simulation weather simulations data climate,M. Eduard Gröller_2008_2011,3.3330834,6.469567,1.4594682
38_2008,2008,18,0,10,4.563976395730829,data visual visualization analysis graph,David S. Ebert_2008_2011,-1.1648006,1.7793354,-1.5997002
13_2011,2011,13,-1,14,5.814643969909395,data visual visualization analysis graph,Tamara Munzner_2011_2014,-4.8785205,4.8218412,-5.998751
27_2014,2014,5,-1,31,5.69911337347246,visualization molecular data analysis medical,Sheelagh Carpendale_2014_2017,-6.8000736,0.48432776,-6.673465
28_2005,2005,16,1,17,6.06201002272722,volume flow rendering fields field,Thomas Ertl_2005_2008,4.9023576,6.2811356,3.021111
8_2005,2005,3,-1,8,7.296269229206922,visualization molecular data analysis medical,Hanspeter Pfister_2005_2008,2.5360317,3.9453804,1.3759965
7_2014,2014,7,-1,43,5.3106100547650925,data visual visualization analysis graph,Ross Maciejewski_2014_2017,-4.9668813,-0.51188743,-4.6389503
47_2002,2002,5,-1,18,6.1284595640583595,3d parallel data bayesian coordinates,Torsten Möller_2002_2005,10.270026,0.6285695,9.719311
38_2002,2002,24,0,10,5.5829386210523735,data visual visualization analysis graph,David S. Ebert_2002_2005,10.263682,0.66932964,9.702163
47_1999,1999,8,2,18,3.1496247762561342,volume flow rendering fields field,Torsten Möller_1999_2002,7.5219245,-7.8060055,9.3588085
23_2002,2002,28,3,0,5.06685672510511,simulation weather simulations data climate,Arie E. Kaufman_2002_2005,10.677507,-1.6105006,10.7181
3_2017,2017,17,0,26,5.985478524958229,data visual visualization analysis graph,Daniel Weiskopf_2017_2020,-6.865911,-1.2870457,-6.2569923
13_2014,2014,4,-1,14,5.084280960510673,data visual visualization analysis graph,Tamara Munzner_2014_2017,-4.5394497,-0.86028486,-4.1331234
30_2002,2002,3,0,34,5.890158154833435,volume flow rendering fields field,Wei Chen 0001_2002_2005,10.251446,0.49189976,9.738448
48_2005,2005,19,4,4,5.776428500427847,volume flow rendering fields field,Hans Hagen_2005_2008,5.0210667,6.270976,3.1381335
48_2008,2008,13,4,4,5.147872017865171,volume flow rendering fields field,Hans Hagen_2008_2011,2.7120445,6.4440975,0.8685489
23_2005,2005,21,6,0,6.271302544054476,color video display data colors,Arie E. Kaufman_2005_2008,4.733358,6.269091,2.861693
7_2008,2008,16,0,43,4.931849479781819,data visual visualization analysis graph,Ross Maciejewski_2008_2011,-1.3323363,1.880016,-1.7882451
3_1999,1999,3,1,26,3.09127776896859,volume flow rendering fields field,Daniel Weiskopf_1999_2002,7.4831758,-7.7781014,9.31395
16_1999,1999,1,-1,28,3.1461261010358457,volume flow rendering fields field,Oliver Deussen_1999_2002,7.5943713,-7.7253227,9.406691
43_2008,2008,13,1,33,4.68225893836044,volume flow rendering fields field,Markus Hadwiger_2008_2011,2.8949378,6.8755755,0.9277205
24_2002,2002,24,1,24,5.072808437381468,3d parallel data bayesian coordinates,Helwig Hauser_2002_2005,10.703165,-1.4313337,10.6942625
6_2017,2017,8,-1,6,6.005038275831171,data visual visualization analysis graph,Jarke J. van Wijk_2017_2020,-6.832772,-1.7163031,-6.1088104
25_1999,1999,11,-1,7,3.0294205173233246,volume flow rendering fields field,Cláudio T. Silva_1999_2002,7.447833,-7.8708053,9.30504
43_2005,2005,17,7,33,6.209761028243177,visualization molecular data analysis medical,Markus Hadwiger_2005_2008,2.401546,4.044916,1.219576
0_2005,2005,23,-1,19,5.70165669464909,volume flow rendering fields field,Gerik Scheuermann_2005_2008,4.974578,6.296964,3.0863433
44_2017,2017,37,0,5,6.736542030089524,data visual visualization analysis graph,Daniel A. Keim_2017_2020,-7.178584,-0.7370567,-6.706962
25_2002,2002,6,-1,7,5.328498581990976,simulation weather simulations data climate,Cláudio T. Silva_2002_2005,10.27152,0.35347173,9.79527
4_2011,2011,47,0,20,5.947194836542075,visualization molecular data analysis medical,M. Eduard Gröller_2011_2014,-8.833783,5.65178,-10.030949
48_2002,2002,17,1,4,4.102615027824733,volume flow rendering fields field,Hans Hagen_2002_2005,11.471035,-2.52342,11.729259
34_2014,2014,18,-1,36,5.113867707538262,learning deep neural models machine,Bongshin Lee_2014_2017,-4.542456,-0.9375263,-4.115093
17_2008,2008,31,1,13,5.0096330019938575,volume flow rendering fields field,Rüdiger Westermann_2008_2011,2.569997,6.9182367,0.60337234
40_2002,2002,3,3,25,6.5208974819856245,volume flow rendering fields field,Huamin Qu_2002_2005,10.244102,0.46651557,9.738255
5_2008,2008,23,2,42,3.8977208127013134,data visual visualization analysis graph,Remco Chang_2008_2011,-1.4882299,1.3348734,-1.790636
30_2011,2011,16,0,34,5.8390938939770605,color video display data colors,Wei Chen 0001_2011_2014,-7.0739746,4.1093683,-7.919115
15_2008,2008,29,1,30,5.2102287716968885,simulation weather simulations data climate,Holger Theisel_2008_2011,2.9402318,6.8144994,0.98786587
28_2002,2002,52,1,17,5.308850110995834,volume flow rendering fields field,Thomas Ertl_2002_2005,10.687146,-1.6102931,10.727324
40_2017,2017,27,0,25,7.275385018778448,data visual visualization analysis graph,Huamin Qu_2017_2020,-7.2353787,-0.6244721,-6.792131
24_2011,2011,17,5,24,6.007318079396476,data visual visualization analysis graph,Helwig Hauser_2011_2014,-8.799211,5.652901,-9.997973
40_2008,2008,46,0,25,5.285519605881833,data visual visualization analysis graph,Huamin Qu_2008_2011,-0.38052744,3.535165,-1.320389
42_2008,2008,24,1,37,4.792993245590603,data visual visualization analysis graph,Tobias Schreck_2008_2011,-0.5724039,3.1780918,-1.4083635
22_2002,2002,22,1,1,4.084301637881879,volume flow rendering fields field,Bernd Hamann_2002_2005,11.534613,-2.688546,11.83519
2_1999,1999,19,0,2,3.2979677692790936,volume flow rendering fields field,Charles D. Hansen_1999_2002,7.5164914,-7.8096914,9.354577
0_2008,2008,25,6,19,5.188289532897808,data visual visualization analysis graph,Gerik Scheuermann_2008_2011,-0.3467569,3.4590914,-1.2672735
29_2011,2011,7,1,29,5.3258504616876605,data visual visualization analysis graph,Chris North 0001_2011_2014,-7.430517,4.031214,-8.241155
22_2005,2005,21,4,1,5.6467955959040985,data visual visualization analysis graph,Bernd Hamann_2005_2008,5.008572,6.3108444,3.1153069
42_2014,2014,31,0,37,5.237709889792034,sports players tennis player game,Tobias Schreck_2014_2017,-5.372329,-0.2694583,-5.0949106
17_2005,2005,10,-1,13,7.138855865600432,volume flow rendering fields field,Rüdiger Westermann_2005_2008,2.5715263,3.9317505,1.4138565
44_2014,2014,33,0,5,5.057145194838012,data visual visualization analysis graph,Daniel A. Keim_2014_2017,-5.759966,-0.2996471,-5.459876
23_1999,1999,30,3,0,3.044212116038716,volume flow rendering fields field,Arie E. Kaufman_1999_2002,7.548053,-7.7677402,9.373594
3_2002,2002,25,1,26,4.9339443654182045,volume flow rendering fields field,Daniel Weiskopf_2002_2005,10.842311,-1.4889053,10.843802
46_2008,2008,4,-1,32,5.058890567680454,data visual visualization analysis graph,Niklas Elmqvist_2008_2011,-0.46542463,3.5177717,-1.3974005
26_2008,2008,31,4,16,5.060201589963196,memory data compression algorithm performance,Valerio Pascucci_2008_2011,3.0907097,6.9530773,1.0951779
21_2002,2002,21,1,21,4.487976260180082,volume flow rendering fields field,Kenneth I. Joy_2002_2005,11.458215,-2.6448638,11.749816
6_2008,2008,8,-1,6,5.037683530658401,data visual visualization analysis graph,Jarke J. van Wijk_2008_2011,-0.39303872,3.4901986,-1.3202516
18_2014,2014,36,-1,9,5.251828754072152,data visual visualization analysis graph,Han-Wei Shen_2014_2017,-7.0539684,0.82208884,-7.0093637
2_2002,2002,38,0,2,4.802053362492727,data visual visualization analysis graph,Charles D. Hansen_2002_2005,10.194612,0.22926466,9.754883
26_2002,2002,5,1,16,4.091302223468781,volume flow rendering fields field,Valerio Pascucci_2002_2005,11.53933,-2.8173103,11.874611
31_2005,2005,17,5,39,6.5575660136580005,visualization molecular data analysis medical,Stefan Bruckner_2005_2008,2.4348874,3.9921584,1.2659622
26_2005,2005,17,4,16,5.581914375696898,data visual visualization analysis graph,Valerio Pascucci_2005_2008,4.913901,6.3025556,3.02642
43_2011,2011,27,0,33,5.9894033414914825,simulation weather simulations data climate,Markus Hadwiger_2011_2014,-8.826456,5.6484227,-10.022986
28_2011,2011,43,0,17,5.3825751695240625,data visual visualization analysis graph,Thomas Ertl_2011_2014,-2.7688725,-0.15930802,-2.6186357
9_2017,2017,16,0,47,5.812961687021246,data visual visualization analysis graph,Alex Endert_2017_2020,-6.2642183,-2.2594097,-5.4143934
32_2014,2014,31,-1,48,5.01710288611023,data visual visualization analysis graph,Shixia Liu_2014_2017,-4.381739,-1.2904215,-3.864789
33_2017,2017,4,-1,15,5.982311813271958,data visual visualization analysis graph,Klaus Mueller 0001_2017_2020,-6.317189,-2.1656406,-5.490784
24_2005,2005,38,7,24,5.518289509018775,color video display data colors,Helwig Hauser_2005_2008,4.4614,6.1111016,2.6427011
37_1999,1999,1,-1,27,2.927640991927493,volume flow rendering fields field,Jean-Daniel Fekete_1999_2002,7.519947,-7.784531,9.351088
39_2014,2014,15,0,44,4.739843709425213,data visual visualization analysis graph,Weiwei Cui_2014_2017,-5.311635,-0.1665208,-5.06437
7_2017,2017,25,-1,43,5.8639629997522755,3d parallel data bayesian coordinates,Ross Maciejewski_2017_2020,-6.3490868,-2.0521631,-5.552229
2_2008,2008,7,4,2,5.329114821161721,visualization molecular data analysis medical,Charles D. Hansen_2008_2011,2.121556,4.322028,0.8749878
39_2017,2017,35,0,44,5.729667997077438,data visual visualization analysis graph,Weiwei Cui_2017_2020,-7.22308,-1.2128229,-6.620913
18_2002,2002,21,-1,9,3.524217273290858,volume flow rendering fields field,Han-Wei Shen_2002_2005,11.0078535,-2.150551,11.182389
20_2014,2014,11,-1,11,4.806347468040039,data visual visualization analysis graph,John T. Stasko_2014_2017,-4.2246304,-1.1814265,-3.7430801
21_2008,2008,11,4,21,5.187340939976034,volume flow rendering fields field,Kenneth I. Joy_2008_2011,2.8951862,6.918386,0.9163627
28_2014,2014,38,0,17,5.034478239493847,data visual visualization analysis graph,Thomas Ertl_2014_2017,-4.8889275,-0.55506855,-4.552214
5_2017,2017,21,0,42,5.789403474379402,data visual visualization analysis graph,Remco Chang_2017_2020,-7.2697434,-0.72493815,-6.797996
41_2008,2008,20,-1,38,4.402106325693747,data visual visualization analysis graph,Jeffrey Heer_2008_2011,-0.9148028,2.476147,-1.5478097
44_2008,2008,37,1,5,3.7491648329284453,data visual visualization analysis graph,Daniel A. Keim_2008_2011,-1.7331034,1.2034793,-1.9907602
18_2011,2011,5,-1,9,6.047663189917868,simulation weather simulations data climate,Han-Wei Shen_2011_2014,-8.849139,5.737023,-10.068823
14_2008,2008,49,5,3,5.002080211576035,volume flow rendering fields field,Kwan-Liu Ma_2008_2011,-0.19585563,3.5974476,-1.1594939
4_2005,2005,43,5,20,5.779317248440478,visualization molecular data analysis medical,M. Eduard Gröller_2005_2008,2.449726,4.167065,1.2328656
30_2008,2008,20,0,34,5.141990557005099,volume flow rendering fields field,Wei Chen 0001_2008_2011,2.0419154,4.174125,0.8383904
3_2014,2014,43,0,26,5.188776433847453,color video display data colors,Daniel Weiskopf_2014_2017,-7.8107786,1.5267541,-7.9287634
47_2008,2008,16,1,18,4.4729353960301035,color video display data colors,Torsten Möller_2008_2011,2.4829962,5.7201705,0.8441697
40_1999,1999,10,3,25,2.935976476811698,volume flow rendering fields field,Huamin Qu_1999_2002,7.403368,-7.897842,9.269563
33_2002,2002,13,3,15,4.465323982591373,simulation weather simulations data climate,Klaus Mueller 0001_2002_2005,10.51073,-0.5414201,10.267955
35_2002,2002,5,-1,23,3.759928023657735,simulation weather simulations data climate,Min Chen 0001_2002_2005,10.43223,-1.6658928,10.496999
29_2017,2017,3,-1,29,5.817015291398646,data visual visualization analysis graph,Chris North 0001_2017_2020,-6.11253,-2.284445,-5.2615943
19_2011,2011,14,-1,22,5.184660138385546,color video display data colors,David H. Laidlaw_2011_2014,-7.334765,3.9175918,-8.118204
0_2002,2002,33,0,19,4.059942279946568,volume flow rendering fields field,Gerik Scheuermann_2002_2005,11.444506,-2.4546576,11.685095
22_2011,2011,15,3,1,5.46435178757718,volume flow rendering fields field,Bernd Hamann_2011_2014,-8.811131,5.6208763,-10.000772
9_2014,2014,36,-1,47,5.15489936380927,data visual visualization analysis graph,Alex Endert_2014_2017,-5.8277116,0.5972832,-5.768059
15_2005,2005,16,-1,30,5.632607646035669,volume flow rendering fields field,Holger Theisel_2005_2008,5.043751,6.310514,3.1492596
21_2011,2011,19,3,21,6.008064435495091,volume flow rendering fields field,Kenneth I. Joy_2011_2014,-8.822539,5.731134,-10.041622
47_2005,2005,1,1,18,5.989823989278969,volume flow rendering fields field,Torsten Möller_2005_2008,2.5527387,3.9530623,1.389998
31_2014,2014,22,0,39,6.073700853925637,volume flow rendering fields field,Stefan Bruckner_2014_2017,-11.235384,2.0527992,-11.367824
46_2014,2014,18,-1,32,5.010156820878684,data visual visualization analysis graph,Niklas Elmqvist_2014_2017,-4.354964,-1.4198796,-3.8039458
48_2017,2017,1,-1,4,5.812167021166399,data visual visualization analysis graph,Hans Hagen_2017_2020,-5.9809585,-2.6547983,-5.034617
35_2005,2005,10,1,23,3.3786442263068475,volume flow rendering fields field,Min Chen 0001_2005_2008,-0.5966233,1.3661165,-0.9408299
30_2017,2017,83,0,34,6.1274276091192394,data visual visualization analysis graph,Wei Chen 0001_2017_2020,-7.3406205,-0.43817538,-6.9439034
11_2014,2014,18,-1,12,4.812578602634767,simulation weather simulations data climate,William Ribarsky_2014_2017,-4.067391,-1.0662563,-3.6229186
49_2005,2005,14,-1,41,4.0799318420404,data visual visualization analysis graph,Jason Dykes_2005_2008,1.5437148,2.796499,0.73200375
24_2014,2014,11,0,24,5.915561300489964,learning deep neural models machine,Helwig Hauser_2014_2017,-11.17751,2.0155532,-11.302024
18_2008,2008,13,-1,9,4.3502340867921045,data visual visualization analysis graph,Han-Wei Shen_2008_2011,3.0707884,6.8639646,1.1001408
41_2005,2005,2,-1,38,4.459251877973883,data visual visualization analysis graph,Jeffrey Heer_2005_2008,1.1159363,2.2156355,0.47757038
42_2005,2005,12,8,37,4.4807940573419005,data visual visualization analysis graph,Tobias Schreck_2005_2008,1.3883016,2.7135332,0.6048761
17_1999,1999,11,1,13,3.607067199681458,volume flow rendering fields field,Rüdiger Westermann_1999_2002,11.188156,-4.9070086,12.10265
46_2017,2017,24,0,32,6.293100985654476,data visual visualization analysis graph,Niklas Elmqvist_2017_2020,-6.0859056,-2.3964827,-5.205615
8_2008,2008,28,1,8,4.241215130597573,volume flow rendering fields field,Hanspeter Pfister_2008_2011,3.2070131,6.831317,1.2401167
6_2005,2005,11,-1,6,3.925420659626321,volume flow rendering fields field,Jarke J. van Wijk_2005_2008,1.9353951,3.3005085,0.97250754
28_1999,1999,25,1,17,3.3646289444233592,volume flow rendering fields field,Thomas Ertl_1999_2002,11.133042,-4.7538676,12.008112
33_1999,1999,18,3,15,3.3209919097242437,volume flow rendering fields field,Klaus Mueller 0001_1999_2002,10.837233,-4.7267756,11.716022
15_2002,2002,19,-1,30,3.731942554840247,volume flow rendering fields field,Holger Theisel_2002_2005,10.979722,-1.8320043,11.069017
19_2002,2002,8,0,22,3.6402740238922546,volume flow rendering fields field,David H. Laidlaw_2002_2005,10.589286,-1.6983668,10.65698
2_2017,2017,10,1,2,5.201739289860979,simulation weather simulations data climate,Charles D. Hansen_2017_2020,-7.513467,-0.9649597,-6.967586
19_1999,1999,12,-1,22,3.0219259925604693,volume flow rendering fields field,David H. Laidlaw_1999_2002,11.270701,-5.005104,12.20868
25_2005,2005,18,4,7,5.442392019170557,volume flow rendering fields field,Cláudio T. Silva_2005_2008,4.944879,6.295904,3.0580413
26_2011,2011,18,-1,16,6.048972366765979,volume flow rendering fields field,Valerio Pascucci_2011_2014,-8.7532015,5.644765,-9.95148
17_2014,2014,22,-1,13,5.4902853913545115,volume flow rendering fields field,Rüdiger Westermann_2014_2017,-11.185337,2.023618,-11.311744
25_2008,2008,25,-1,7,4.286421307027437,volume flow rendering fields field,Cláudio T. Silva_2008_2011,3.1408215,6.8470645,1.1721342
44_2005,2005,21,8,5,3.4478989652638314,data visual visualization analysis graph,Daniel A. Keim_2005_2008,0.35308528,1.7382632,-0.127442
10_2011,2011,36,0,40,4.934285234555917,volume flow rendering fields field,Xiaoru Yuan_2011_2014,-7.7755356,4.6184,-8.732337
48_1999,1999,15,0,4,4.533618056694604,volume flow rendering fields field,Hans Hagen_1999_2002,11.557848,-2.986114,11.938166
26_1999,1999,22,0,16,5.021938587465217,volume flow rendering fields field,Valerio Pascucci_1999_2002,11.668666,-3.2509274,12.116575
14_2014,2014,30,-1,3,5.00014408074209,data visual visualization analysis graph,Kwan-Liu Ma_2014_2017,-8.557368,1.0209054,-8.510408
35_2014,2014,10,-1,23,4.5241943974062755,data visual visualization analysis graph,Min Chen 0001_2014_2017,-8.50493,1.3591877,-8.551568
7_2005,2005,17,3,43,3.3000362133632084,visualization molecular data analysis medical,Ross Maciejewski_2005_2008,-0.45551997,1.4117104,-0.8173534
24_1999,1999,13,2,24,3.3003847802049595,volume flow rendering fields field,Helwig Hauser_1999_2002,7.875747,-7.56943,9.635316
14_2005,2005,16,-1,3,4.052384735914242,learning deep neural models machine,Kwan-Liu Ma_2005_2008,1.4672986,2.7193632,0.67934
11_2008,2008,25,2,12,3.647143496851287,data visual visualization analysis graph,William Ribarsky_2008_2011,-1.9568347,2.2995725,-2.5030477
17_2017,2017,12,-1,13,5.304774675745559,volume flow rendering fields field,Rüdiger Westermann_2017_2020,-7.2943106,-1.0297078,-6.739085
35_1999,1999,5,-1,23,3.353804202529152,volume flow rendering fields field,Min Chen 0001_1999_2002,10.938968,-4.2342668,11.680537
10_2008,2008,17,0,40,4.260863307472051,3d parallel data bayesian coordinates,Xiaoru Yuan_2008_2011,1.0426904,4.219756,-0.13583465
20_2011,2011,17,-1,11,5.14345678413631,data visual visualization analysis graph,John T. Stasko_2011_2014,-3.4913845,2.6162703,-4.0660114
38_2005,2005,41,3,10,3.803075493896467,volume flow rendering fields field,David S. Ebert_2005_2008,1.316763,2.5009465,0.5935999
14_2011,2011,52,0,3,4.892750022596168,data visual visualization analysis graph,Kwan-Liu Ma_2011_2014,-7.8422494,4.5149417,-8.76853
37_2011,2011,24,0,27,4.168850809928967,data visual visualization analysis graph,Jean-Daniel Fekete_2011_2014,-4.28838,3.0938811,-4.962588
22_2008,2008,12,4,1,4.479887977702042,memory data compression algorithm performance,Bernd Hamann_2008_2011,2.9894593,6.83855,1.0287378
0_1999,1999,13,0,19,4.584714704081766,volume flow rendering fields field,Gerik Scheuermann_1999_2002,11.603264,-3.0306334,11.993943
14_2002,2002,24,-1,3,3.7928006708397417,security network internet visualization traffic,Kwan-Liu Ma_2002_2005,10.169812,0.20099717,9.738669
46_2005,2005,6,9,32,3.4279387975456594,data visual visualization analysis graph,Niklas Elmqvist_2005_2008,0.20501278,1.7586155,-0.27549133
3_2005,2005,16,1,26,3.8252399140489226,volume flow rendering fields field,Daniel Weiskopf_2005_2008,1.8498489,3.1730309,0.9246922
37_2008,2008,9,3,27,4.387507467406156,data visual visualization analysis graph,Jean-Daniel Fekete_2008_2011,-0.7971961,3.3138082,-1.661515
33_2008,2008,10,-1,15,4.559502867558098,color video display data colors,Klaus Mueller 0001_2008_2011,1.0000812,4.074473,-0.13749489
9_2011,2011,3,1,47,4.846824813280039,data visual visualization analysis graph,Alex Endert_2011_2014,-3.5642164,2.6581726,-4.147471
11_2011,2011,21,0,12,5.158190596252425,data visual visualization analysis graph,William Ribarsky_2011_2014,-2.6492078,-0.16739008,-2.5012555
17_2011,2011,11,-1,13,5.744656979073769,visualization molecular data analysis medical,Rüdiger Westermann_2011_2014,-8.837555,5.68309,-10.043061
3_2011,2011,55,-1,26,4.753149125255186,data visual visualization analysis graph,Daniel Weiskopf_2011_2014,-7.894014,4.2074556,-8.7350645
3_2008,2008,31,1,26,4.2436676840105845,data visual visualization analysis graph,Daniel Weiskopf_2008_2011,-0.0088059995,3.6895263,-1.0043814
38_2017,2017,20,-1,10,6.609019390302448,learning deep neural models machine,David S. Ebert_2017_2020,-5.695168,-2.551006,-4.787628
41_2011,2011,6,-1,38,4.124925968889059,data visual visualization analysis graph,Jeffrey Heer_2011_2014,-4.398243,3.1022384,-5.0706067
33_2011,2011,10,-1,15,4.148158347873065,volume flow rendering fields field,Klaus Mueller 0001_2011_2014,-7.948001,3.838502,-8.687086
16_2008,2008,5,1,28,2.781097404134361,data visual visualization analysis graph,Oliver Deussen_2008_2011,-2.1926582,0.20008853,-2.161323
40_2005,2005,15,0,25,3.4609972275016996,simulation weather simulations data climate,Huamin Qu_2005_2008,1.7221551,3.1175938,0.8167906
20_2008,2008,17,-1,11,3.2378876125873424,color video display data colors,John T. Stasko_2008_2011,-2.7679062,2.542569,-3.349619
9_2008,2008,10,3,47,3.453151241704565,data visual visualization analysis graph,Alex Endert_2008_2011,-2.8391962,2.6249652,-3.440564
5_2005,2005,14,2,42,3.1584249895707814,security network internet visualization traffic,Remco Chang_2005_2008,0.8654675,2.0555427,0.27983412
39_2008,2008,15,0,44,2.959796456165731,data visual visualization analysis graph,Weiwei Cui_2008_2011,-2.1085618,0.20389596,-2.0814023
48_2011,2011,17,3,4,5.174803545168838,volume flow rendering fields field,Hans Hagen_2011_2014,-8.670831,5.400986,-9.806151
19_2014,2014,22,-1,22,4.296345284389207,color video display data colors,David H. Laidlaw_2014_2017,-8.81933,2.097354,-9.054175
33_1996,1996,11,4,15,2.8428159303891287,volume flow rendering fields field,Klaus Mueller 0001_1996_1999,8.9968815,-7.1158133,10.591651
1_2008,2008,13,0,45,4.0027765649015015,volume flow rendering fields field,Yingcai Wu_2008_2011,1.6540283,4.2915397,0.43319973
8_1999,1999,2,-1,8,3.200496408616118,volume flow rendering fields field,Hanspeter Pfister_1999_2002,11.099775,-4.6603584,11.950757
42_2017,2017,16,0,37,5.669153104475013,data visual visualization analysis graph,Tobias Schreck_2017_2020,-6.927122,-1.2009928,-6.3392253
32_2017,2017,20,-1,48,5.484770293065196,data visual visualization analysis graph,Shixia Liu_2017_2020,-6.1153555,-2.4685853,-5.214432
21_1999,1999,22,0,21,4.05773670936814,volume flow rendering fields field,Kenneth I. Joy_1999_2002,11.654714,-3.0202308,12.040651
23_1996,1996,29,0,0,2.8055077570174927,volume flow rendering fields field,Arie E. Kaufman_1996_1999,9.06097,-6.8857927,10.591033
33_2005,2005,15,6,15,3.846200928394863,color video display data colors,Klaus Mueller 0001_2005_2008,2.097478,3.5739515,1.054457
29_2005,2005,2,-1,29,3.2443096518623733,data visual visualization analysis graph,Chris North 0001_2005_2008,1.4644443,2.9058352,0.62607884
4_2014,2014,51,0,20,3.959686094700797,data visual visualization analysis graph,M. Eduard Gröller_2014_2017,-11.37418,1.9953305,-11.485863
29_2008,2008,21,3,29,3.441923543125541,data visual visualization analysis graph,Chris North 0001_2008_2011,-2.0977519,2.6323931,-2.728854
21_1996,1996,14,3,21,2.6447404864063415,volume flow rendering fields field,Kenneth I. Joy_1996_1999,12.466168,-6.2104573,13.685968
13_2005,2005,18,-1,14,3.7893678654522978,volume flow rendering fields field,Tamara Munzner_2005_2008,3.909017,5.7218003,2.2164304
18_1996,1996,16,1,9,2.8872153280546566,volume flow rendering fields field,Han-Wei Shen_1996_1999,11.608656,-5.9766707,12.797188
22_1999,1999,22,0,1,3.9675304619376828,volume flow rendering fields field,Bernd Hamann_1999_2002,11.537977,-2.9530191,11.910071
0_2014,2014,10,-1,19,4.359292142872564,data visual visualization analysis graph,Gerik Scheuermann_2014_2017,-11.334569,2.081465,-11.4710655
41_2014,2014,11,-1,38,4.333915179201082,color video display data colors,Jeffrey Heer_2014_2017,-8.605554,2.1342793,-8.858395
26_1996,1996,5,-1,16,2.5511004648859643,data visual visualization analysis graph,Valerio Pascucci_1996_1999,12.445957,-5.942887,13.594032
33_2020,2020,21,-1,15,6.4182870209625165,learning deep neural models machine,Klaus Mueller 0001_2020_2023,-8.494286,-2.8365908,-7.404724
27_2008,2008,14,3,31,2.684159512414888,data visual visualization analysis graph,Sheelagh Carpendale_2008_2011,-2.028583,0.24599463,-2.015818
31_2002,2002,4,2,39,3.9319893515766053,visualization molecular data analysis medical,Stefan Bruckner_2002_2005,10.212035,0.31759933,9.747727
43_2014,2014,42,0,33,3.9073562150139938,visualization molecular data analysis medical,Markus Hadwiger_2014_2017,-11.425713,1.9272127,-11.517015
23_2008,2008,8,-1,0,4.222117953959685,visualization molecular data analysis medical,Arie E. Kaufman_2008_2011,2.1034489,4.497986,0.80989206
34_2017,2017,23,0,36,4.332931104874752,data visual visualization analysis graph,Bongshin Lee_2017_2020,-9.248517,-0.8023643,-8.681808
4_2002,2002,52,2,20,3.946401287062368,color video display data colors,M. Eduard Gröller_2002_2005,10.388028,-0.36053708,10.100841
28_1996,1996,31,2,17,2.799795609956226,volume flow rendering fields field,Thomas Ertl_1996_1999,11.669533,-5.7118278,12.784045
1_2014,2014,19,0,45,4.494530046684441,data visual visualization analysis graph,Yingcai Wu_2014_2017,-4.569521,-0.95319456,-4.136902
38_1999,1999,12,0,10,2.704998055637156,volume flow rendering fields field,David S. Ebert_1999_2002,8.014595,-7.276515,9.689624
42_2002,2002,10,4,37,1.770604948351835,3d parallel data bayesian coordinates,Tobias Schreck_2002_2005,8.566406,-2.962573,9.052197
8_1996,1996,6,0,8,2.270064898922003,volume flow rendering fields field,Hanspeter Pfister_1996_1999,8.81222,-6.9990697,10.382268
11_2002,2002,2,-1,12,4.354647548423667,color video display data colors,William Ribarsky_2002_2005,10.075469,-0.1083532,9.731655
4_1999,1999,28,2,20,2.659158596238566,volume flow rendering fields field,M. Eduard Gröller_1999_2002,7.924015,-7.336585,9.618703
12_2017,2017,7,0,46,4.431812198434831,data visual visualization analysis graph,Petra Isenberg_2017_2020,-8.843164,-0.1363367,-8.472033
11_2005,2005,28,2,12,3.222560337249163,color video display data colors,William Ribarsky_2005_2008,-0.18018556,1.537328,-0.5863424
3_2020,2020,13,-1,26,6.826614614676236,data visual visualization analysis graph,Daniel Weiskopf_2020_2023,-8.864996,-2.3544486,-7.892182
18_2017,2017,29,-1,9,4.868725742605487,data visual visualization analysis graph,Han-Wei Shen_2017_2020,-6.722226,-2.0387115,-5.915061
10_2020,2020,7,-1,40,7.0978881282720785,data visual visualization analysis graph,Xiaoru Yuan_2020_2023,-9.026102,-2.2945185,-8.063499
6_2002,2002,26,-1,6,2.9282777466252505,data visual visualization analysis graph,Jarke J. van Wijk_2002_2005,8.966482,-2.5273025,9.319403
34_2011,2011,12,4,36,3.595021703740377,color video display data colors,Bongshin Lee_2011_2014,-3.5436254,1.4922401,-3.8118095
10_2002,2002,3,-1,40,3.941838914190621,volume flow rendering fields field,Xiaoru Yuan_2002_2005,10.16841,0.06738529,9.773515
42_2020,2020,19,0,37,6.825447240166828,data visual visualization analysis graph,Tobias Schreck_2020_2023,-8.586703,-2.7712452,-7.511388
19_2005,2005,7,-1,22,3.956991909653365,data visual visualization analysis graph,David H. Laidlaw_2005_2008,4.7320065,6.214743,2.8751142
18_2005,2005,26,-1,9,3.9294176372083642,volume flow rendering fields field,Han-Wei Shen_2005_2008,4.0155506,6.1875787,2.192805
15_2011,2011,22,-1,30,4.439815062295318,data visual visualization analysis graph,Holger Theisel_2011_2014,-8.831127,5.426864,-9.967465
4_1996,1996,10,-1,20,2.5205672751994195,volume flow rendering fields field,M. Eduard Gröller_1996_1999,11.709308,-5.9214587,12.879118
47_2014,2014,8,-1,18,3.654091321093725,volume flow rendering fields field,Torsten Möller_2014_2017,-11.209687,1.802248,-11.275216
32_2011,2011,54,0,48,3.699542258418542,data visual visualization analysis graph,Shixia Liu_2011_2014,-2.5140178,0.05159164,-2.4304407
29_2014,2014,8,-1,29,4.191754836638109,data visual visualization analysis graph,Chris North 0001_2014_2017,-9.19855,2.123609,-9.426329
32_2008,2008,25,0,48,2.5921450542707087,data visual visualization analysis graph,Shixia Liu_2008_2011,-2.0370114,0.29640687,-2.0375876
11_1999,1999,5,-1,12,2.2242493084182744,volume flow rendering fields field,William Ribarsky_1999_2002,8.083823,-7.091625,9.706179
12_2008,2008,21,3,46,3.6104453747792244,color video display data colors,Petra Isenberg_2008_2011,-0.4372059,3.5327394,-1.3742914
44_2002,2002,15,4,5,1.7661173286488814,volume flow rendering fields field,Daniel A. Keim_2002_2005,8.431244,-2.9701457,8.924139
8_2020,2020,73,0,8,6.769392610965474,color video display data colors,Hanspeter Pfister_2020_2023,-8.083249,-3.1213727,-6.9319115
16_2011,2011,11,2,28,4.008127399813685,data visual visualization analysis graph,Oliver Deussen_2011_2014,-3.943238,2.997502,-4.6042423
13_2002,2002,7,-1,14,1.9746109729384242,color video display data colors,Tamara Munzner_2002_2005,8.479359,-2.9554725,8.96648
27_2005,2005,5,-1,31,4.315483848191763,3d parallel data bayesian coordinates,Sheelagh Carpendale_2005_2008,2.1182063,3.8556967,0.9980879
22_1996,1996,14,3,1,2.64835974514219,simulation weather simulations data climate,Bernd Hamann_1996_1999,12.443843,-5.7868114,13.549715
0_1996,1996,6,5,19,2.1717100020107436,volume flow rendering fields field,Gerik Scheuermann_1996_1999,12.389032,-5.9332395,13.536621
47_1996,1996,14,4,18,2.375119691600403,volume flow rendering fields field,Torsten Möller_1996_1999,8.789481,-7.147461,10.4005785
25_2017,2017,21,1,7,4.761364611591019,volume flow rendering fields field,Cláudio T. Silva_2017_2020,-7.960295,-0.3741918,-7.557741
37_2017,2017,7,-1,27,4.762162895373147,color video display data colors,Jean-Daniel Fekete_2017_2020,-8.882992,-0.008621664,-8.544968
39_2011,2011,10,0,44,4.069600723820972,data visual visualization analysis graph,Weiwei Cui_2011_2014,-2.8953216,-0.37060693,-2.6831176
26_2014,2014,17,-1,16,3.6281319886745313,volume flow rendering fields field,Valerio Pascucci_2014_2017,-11.31465,2.0917826,-11.454687
14_2020,2020,35,-1,3,6.80974340633247,data visual visualization analysis graph,Kwan-Liu Ma_2020_2023,-8.978186,-2.2034154,-8.042053
2_1996,1996,11,-1,2,3.0982298464127878,volume flow rendering fields field,Charles D. Hansen_1996_1999,12.041136,-5.807958,13.167794
28_2020,2020,13,0,17,6.805615539710214,data visual visualization analysis graph,Thomas Ertl_2020_2023,-8.185225,-2.8927422,-7.092008
31_2011,2011,21,0,39,4.567199966599374,volume flow rendering fields field,Stefan Bruckner_2011_2014,-8.5892105,5.22035,-9.678651
16_2005,2005,3,-1,28,3.8046126619872123,data visual visualization analysis graph,Oliver Deussen_2005_2008,3.9298246,6.173205,2.1141787
16_2017,2017,48,0,28,4.570764392145351,data visual visualization analysis graph,Oliver Deussen_2017_2020,-8.656933,0.43450496,-8.4474
13_2017,2017,5,-1,14,5.1076765626481535,data visual visualization analysis graph,Tamara Munzner_2017_2020,-5.1469717,-1.9478924,-4.423307
48_1996,1996,6,5,4,2.1683211320071276,volume flow rendering fields field,Hans Hagen_1996_1999,12.086009,-5.3461847,13.085901
12_2011,2011,26,0,46,3.5881818321429564,data visual visualization analysis graph,Petra Isenberg_2011_2014,-8.20478,3.3864284,-8.811802
12_2020,2020,8,1,46,6.376844056378404,data visual visualization analysis graph,Petra Isenberg_2020_2023,-8.520079,-2.8974893,-7.413057
45_2011,2011,5,-1,35,3.1960451448380094,data visual visualization analysis graph,Tim Dwyer_2011_2014,-4.750545,2.5630138,-5.2636647
41_2020,2020,2,-1,38,6.876017914137284,data visual visualization analysis graph,Jeffrey Heer_2020_2023,-7.5199137,-2.9877112,-6.425848
12_2014,2014,3,-1,46,4.372305436562597,color video display data colors,Petra Isenberg_2014_2017,-9.09127,2.132314,-9.325418
25_1996,1996,19,-1,7,2.848238905167417,visualization molecular data analysis medical,Cláudio T. Silva_1996_1999,12.339067,-5.9011807,13.479838
6_2011,2011,17,-1,6,3.285125030945501,data visual visualization analysis graph,Jarke J. van Wijk_2011_2014,-4.7263756,2.387188,-5.19277
4_2020,2020,7,-1,20,6.819648314328049,simulation weather simulations data climate,M. Eduard Gröller_2020_2023,-8.123102,-2.972787,-7.0105247
8_2017,2017,49,0,8,4.340111871233162,data visual visualization analysis graph,Hanspeter Pfister_2017_2020,-9.088083,-0.041592967,-8.733459
17_1996,1996,6,2,13,2.6847182848713347,volume flow rendering fields field,Rüdiger Westermann_1996_1999,12.431486,-6.3278666,13.684388
30_2020,2020,31,0,34,6.141341583283036,sports players tennis player game,Wei Chen 0001_2020_2023,-7.901174,-1.1720505,-7.2846985
15_2014,2014,18,-1,30,4.059325151029438,volume flow rendering fields field,Holger Theisel_2014_2017,-11.147264,2.280577,-11.3447
21_2005,2005,15,-1,21,3.8455386114360053,volume flow rendering fields field,Kenneth I. Joy_2005_2008,4.9603434,6.2592683,3.0828521
44_2020,2020,5,-1,5,6.161094850256437,data visual visualization analysis graph,Daniel A. Keim_2020_2023,-8.463911,-1.3464178,-7.7791595
23_2011,2011,8,-1,0,4.355181675247318,visualization molecular data analysis medical,Arie E. Kaufman_2011_2014,-8.555261,4.792265,-9.530006
1_2005,2005,5,0,45,4.333003070121961,volume flow rendering fields field,Yingcai Wu_2005_2008,2.5194297,4.083149,1.322695
8_2014,2014,66,0,8,3.6945325252532486,data visual visualization analysis graph,Hanspeter Pfister_2014_2017,-11.280638,1.7111613,-11.318839
20_2002,2002,2,-1,11,1.7125110923235924,data visual visualization analysis graph,John T. Stasko_2002_2005,8.459944,-2.8492317,8.919012
28_2008,2008,17,6,17,3.1979875246970835,data visual visualization analysis graph,Thomas Ertl_2008_2011,3.4856884,6.602943,1.5702368
40_2020,2020,50,0,25,6.242274384728447,learning deep neural models machine,Huamin Qu_2020_2023,-7.900306,-2.8923776,-6.8178425
16_2014,2014,20,0,28,4.05432429915951,sports players tennis player game,Oliver Deussen_2014_2017,-6.8459787,1.0802358,-6.8790803
25_2020,2020,6,-1,7,6.954087831191907,data visual visualization analysis graph,Cláudio T. Silva_2020_2023,-8.765753,-1.8139279,-7.943072
10_2017,2017,21,-1,40,4.242369267100648,simulation weather simulations data climate,Xiaoru Yuan_2017_2020,-9.849473,0.54993075,-9.626619
20_2005,2005,12,9,11,2.705675661657605,data visual visualization analysis graph,John T. Stasko_2005_2008,-1.0765244,0.8268226,-1.2566979
27_2011,2011,5,4,31,3.5303484634680498,color video display data colors,Sheelagh Carpendale_2011_2014,-8.211165,4.446609,-9.105142
41_2017,2017,5,-1,38,4.99139335902015,color video display data colors,Jeffrey Heer_2017_2020,-9.112318,1.5039392,-9.175458
13_2008,2008,12,1,14,2.7814323960988028,visualization molecular data analysis medical,Tamara Munzner_2008_2011,3.3698974,6.7610936,1.4159336
8_2011,2011,37,0,8,4.6307532806563945,visualization molecular data analysis medical,Hanspeter Pfister_2011_2014,-11.460945,1.7886252,-11.51339
27_2002,2002,10,-1,31,2.649050329025547,data visual visualization analysis graph,Sheelagh Carpendale_2002_2005,9.583191,-0.9308609,9.480592
11_1996,1996,5,-1,12,2.2846046788668652,volume flow rendering fields field,William Ribarsky_1996_1999,9.166322,-6.7819753,10.664322
6_1999,1999,12,-1,6,1.8899188428713631,data visual visualization analysis graph,Jarke J. van Wijk_1999_2002,8.960891,-4.0166745,9.717477
36_2017,2017,43,0,49,4.538220690296317,data visual visualization analysis graph,Yunhai Wang_2017_2020,-8.894342,0.38496584,-8.662513
19_2008,2008,11,-1,22,2.762505898757473,color video display data colors,David H. Laidlaw_2008_2011,3.53201,6.565124,1.625071
19_1996,1996,11,-1,22,2.112360402680155,volume flow rendering fields field,David H. Laidlaw_1996_1999,12.159608,-5.55651,13.213722
23_2014,2014,19,-1,0,3.9649475031030867,data visual visualization analysis graph,Arie E. Kaufman_2014_2017,-10.39347,2.2206583,-10.60286
1_2011,2011,37,0,45,3.4004571226549127,data visual visualization analysis graph,Yingcai Wu_2011_2014,-2.9511275,0.10703613,-2.8662262
28_2017,2017,13,0,17,4.218513510434951,simulation weather simulations data climate,Thomas Ertl_2017_2020,-5.9839067,-2.2358015,-5.150957
49_2017,2017,1,-1,41,4.023321342612032,data visual visualization analysis graph,Jason Dykes_2017_2020,-5.9184446,-2.1865315,-5.1012897
16_2002,2002,3,-1,28,2.1345546475652273,volume flow rendering fields field,Oliver Deussen_2002_2005,9.188832,-2.6590257,9.569122
31_2008,2008,15,1,39,3.1136031647142803,visualization molecular data analysis medical,Stefan Bruckner_2008_2011,3.2648556,6.839657,1.2935373
35_2017,2017,4,3,23,4.1445810551052285,color video display data colors,Min Chen 0001_2017_2020,-9.16336,1.4829167,-9.218896
29_2002,2002,12,-1,29,1.5950856950248187,data visual visualization analysis graph,Chris North 0001_2002_2005,8.638196,-2.8625119,9.094196
14_1999,1999,8,-1,3,2.4197397524529256,volume flow rendering fields field,Kwan-Liu Ma_1999_2002,8.8855715,-5.161061,9.954979
45_2014,2014,25,-1,35,3.3327320021426514,data visual visualization analysis graph,Tim Dwyer_2014_2017,-6.4205923,1.5131276,-6.5868654
29_1999,1999,5,-1,29,1.7708969795517864,data visual visualization analysis graph,Chris North 0001_1999_2002,9.041724,-3.5383072,9.665704
45_2008,2008,11,3,35,3.36562986594994,data visual visualization analysis graph,Tim Dwyer_2008_2011,-2.4346757,2.9607012,-3.1421158
14_2017,2017,52,0,3,3.8460562916995826,data visual visualization analysis graph,Kwan-Liu Ma_2017_2020,-7.658831,0.10795062,-7.398157
43_2017,2017,16,0,33,3.9113811541092303,visualization molecular data analysis medical,Markus Hadwiger_2017_2020,-11.048875,1.258934,-10.973237
38_1996,1996,14,-1,10,1.989897243762934,color video display data colors,David S. Ebert_1996_1999,8.769357,-6.7840695,10.282766
39_2005,2005,5,0,44,2.615159195032027,data visual visualization analysis graph,Weiwei Cui_2005_2008,7.9070334,-4.51423,8.837807
2_1993,1993,3,0,2,1.986472135444841,volume flow rendering fields field,Charles D. Hansen_1993_1996,12.34829,-6.57698,13.671786
5_2020,2020,3,-1,42,5.40233127874993,layouts layout labeling labels label,Remco Chang_2020_2023,-9.239571,-1.2395929,-8.554755
23_1993,1993,23,1,0,1.2795514066262454,volume flow rendering fields field,Arie E. Kaufman_1993_1996,9.469231,-7.1190233,11.047209
0_2017,2017,13,3,19,3.8205766791200007,volume flow rendering fields field,Gerik Scheuermann_2017_2020,-10.892254,1.4133763,-10.86431
32_2020,2020,18,0,48,5.407640506840415,data visual visualization analysis graph,Shixia Liu_2020_2023,-9.411013,-1.1987337,-8.730856
39_2020,2020,20,0,44,5.334178072202258,data visual visualization analysis graph,Weiwei Cui_2020_2023,-9.383238,-0.7316076,-8.830659
34_2020,2020,11,0,36,5.659187785465347,data visual visualization analysis graph,Bongshin Lee_2020_2023,-9.289054,-0.66928273,-8.756881
37_2020,2020,13,0,27,5.565748492883605,data visual visualization analysis graph,Jean-Daniel Fekete_2020_2023,-9.501541,-0.91250646,-8.895535
37_2005,2005,20,9,27,2.4839364054216593,data visual visualization analysis graph,Jean-Daniel Fekete_2005_2008,7.815293,-4.4398456,8.729347
45_2005,2005,12,-1,35,2.681989232905103,data visual visualization analysis graph,Tim Dwyer_2005_2008,7.971113,-4.365367,8.859164
46_2002,2002,2,-1,32,1.3038732846902727,data visual visualization analysis graph,Niklas Elmqvist_2002_2005,8.3161955,-2.9396849,8.805141
20_2017,2017,8,0,11,3.6072549648070846,data visual visualization analysis graph,John T. Stasko_2017_2020,-5.4182754,-2.106368,-4.6415367
6_1993,1993,9,-1,6,1.8880691235796079,volume flow rendering fields field,Jarke J. van Wijk_1993_1996,11.781458,-6.611429,13.13548
14_1993,1993,6,-1,3,1.7819680528274464,volume flow rendering fields field,Kwan-Liu Ma_1993_1996,11.809545,-6.506298,13.134037
36_2020,2020,32,0,49,4.894564985657642,3d parallel data bayesian coordinates,Yunhai Wang_2020_2023,-9.431349,-0.7829143,-8.863072
37_2002,2002,8,-1,27,1.591184671984798,volume flow rendering fields field,Jean-Daniel Fekete_2002_2005,8.439662,-3.4169302,9.053272
9_2020,2020,3,-1,47,4.556530696941207,data visual visualization analysis graph,Alex Endert_2020_2023,-8.593521,-2.3160796,-7.6412516
33_1993,1993,3,-1,15,1.276645805681667,volume flow rendering fields field,Klaus Mueller 0001_1993_1996,9.330428,-7.0394845,10.892049
13_2020,2020,1,-1,14,4.683725864744812,data visual visualization analysis graph,Tamara Munzner_2020_2023,-6.899041,-2.7221754,-5.9001207
7_2020,2020,13,-1,43,5.405405153746837,data visual visualization analysis graph,Ross Maciejewski_2020_2023,-8.635693,-2.0809658,-7.745536
26_2017,2017,31,-1,16,4.388270762403311,visualization molecular data analysis medical,Valerio Pascucci_2017_2020,-10.7483835,0.9337565,-10.595895
45_2017,2017,33,0,35,3.349890164794036,data visual visualization analysis graph,Tim Dwyer_2017_2020,-9.697364,1.411588,-9.713612
25_1993,1993,15,1,7,1.07322832354609,volume flow rendering fields field,Cláudio T. Silva_1993_1996,12.186373,-6.700503,13.549383
1_2017,2017,82,0,45,3.0897723714501137,sports players tennis player game,Yingcai Wu_2017_2020,-6.74306,-1.6865185,-6.030522
34_2002,2002,2,-1,36,1.1574285855368145,data visual visualization analysis graph,Bongshin Lee_2002_2005,8.481666,-2.7190852,8.904666
24_2017,2017,10,2,24,3.3806583152903085,visualization molecular data analysis medical,Helwig Hauser_2017_2020,-10.744597,0.9977658,-10.609588
16_2020,2020,16,0,28,4.690718539476472,3d parallel data bayesian coordinates,Oliver Deussen_2020_2023,-9.714128,-0.67804325,-9.163687
6_1996,1996,22,-1,6,1.6322518034808162,simulation weather simulations data climate,Jarke J. van Wijk_1996_1999,9.624783,-6.2015395,10.948405
48_1993,1993,4,-1,4,1.479589219675812,volume flow rendering fields field,Hans Hagen_1993_1996,11.946788,-6.3234987,13.216629
22_1993,1993,2,-1,1,1.0236113780478997,simulation weather simulations data climate,Bernd Hamann_1993_1996,12.290029,-6.717617,13.6538
31_2017,2017,9,2,39,3.094090200522654,volume flow rendering fields field,Stefan Bruckner_2017_2020,-10.176409,1.5368718,-10.208682
37_2014,2014,5,0,27,2.731144892717949,data visual visualization analysis graph,Jean-Daniel Fekete_2014_2017,-6.41062,1.164506,-6.4828277
41_2002,2002,2,-1,38,1.2271441305174389,data visual visualization analysis graph,Jeffrey Heer_2002_2005,8.268315,-3.0052645,8.776816
45_2002,2002,7,-1,35,1.4101241478263429,data visual visualization analysis graph,Tim Dwyer_2002_2005,8.189717,-4.6956353,9.159062
4_2017,2017,32,-1,20,3.3785735008325717,visualization molecular data analysis medical,M. Eduard Gröller_2017_2020,-10.887705,1.0546998,-10.762769
18_2020,2020,10,-1,9,4.483888458781804,learning deep neural models machine,Han-Wei Shen_2020_2023,-10.169487,-0.5148997,-9.646216
17_1993,1993,2,-1,13,1.1335309707408958,memory data compression algorithm performance,Rüdiger Westermann_1993_1996,12.449006,-6.390406,13.718194
14_1996,1996,13,1,3,1.36863737508777,volume flow rendering fields field,Kwan-Liu Ma_1996_1999,8.851508,-6.257568,10.219223
24_2020,2020,7,-1,24,3.4880305131382254,simulation weather simulations data climate,Helwig Hauser_2020_2023,-10.893652,0.4245224,-10.597783
15_2017,2017,15,-1,30,2.815719932047011,volume flow rendering fields field,Holger Theisel_2017_2020,-10.949155,1.4160507,-10.919808
34_2005,2005,10,-1,36,1.8059244883606673,data visual visualization analysis graph,Bongshin Lee_2005_2008,-0.22448301,1.6195116,-0.65124637
35_2020,2020,13,-1,23,3.844565628392963,color video display data colors,Min Chen 0001_2020_2023,-10.733028,0.28005588,-10.404031
2_1990,1990,8,-1,2,0,volume flow rendering fields field,Charles D. Hansen_1990_1993,12.135664,-7.0074134,13.583708
27_2020,2020,3,1,31,4.330918705029734,data visual visualization analysis graph,Sheelagh Carpendale_2020_2023,-6.9909315,-2.6372347,-6.0115843
20_2020,2020,4,-1,11,4.099948501811394,data visual visualization analysis graph,John T. Stasko_2020_2023,-6.857661,-2.6669893,-5.8752365
11_1993,1993,5,-1,12,0.7358931800126882,data visual visualization analysis graph,William Ribarsky_1993_1996,9.650816,-6.7560425,11.123676
46_2020,2020,28,-1,32,3.6253290928630655,3d parallel data bayesian coordinates,Niklas Elmqvist_2020_2023,-10.327162,0.2430639,-10.003321
44_1999,1999,1,-1,5,2.0667405814635322,data visual visualization analysis graph,Daniel A. Keim_1999_2002,8.293412,-4.589655,9.230171
26_2020,2020,13,-1,16,3.6077650566727604,memory data compression algorithm performance,Valerio Pascucci_2020_2023,-10.871916,0.03731448,-10.471971
23_2017,2017,5,-1,0,2.698071725119862,visualization molecular data analysis medical,Arie E. Kaufman_2017_2020,-9.987472,0.7926031,-9.825196
18_1993,1993,4,0,9,0.9168747716359802,volume flow rendering fields field,Han-Wei Shen_1993_1996,12.091525,-6.706564,13.459723
14_1990,1990,11,-1,3,0,volume flow rendering fields field,Kwan-Liu Ma_1990_1993,11.499227,-6.7613616,12.904417
38_1993,1993,14,-1,10,0.6415767074642087,volume flow rendering fields field,David S. Ebert_1993_1996,9.217943,-6.9963384,10.772082
1_2020,2020,103,0,45,3.758005621497004,sports players tennis player game,Yingcai Wu_2020_2023,-8.1172285,-2.4115376,-7.156908
6_1990,1990,15,-1,6,0,volume flow rendering fields field,Jarke J. van Wijk_1990_1993,11.5482,-6.7814403,12.956996
45_2020,2020,9,-1,35,3.4662016489519654,color video display data colors,Tim Dwyer_2020_2023,-10.181733,0.72781116,-9.994642
48_1990,1990,2,-1,4,0,volume flow rendering fields field,Hans Hagen_1990_1993,11.804645,-6.8994083,13.235809
8_1993,1993,6,1,8,0.6268863611640605,volume flow rendering fields field,Hanspeter Pfister_1993_1996,9.1528845,-7.0654807,10.728187
23_1990,1990,14,-1,0,0,volume flow rendering fields field,Arie E. Kaufman_1990_1993,9.751912,-6.9562426,11.275225
20_1993,1993,1,-1,11,0.5706124078880476,color video display data colors,John T. Stasko_1993_1996,9.471108,-6.6540546,10.923059
44_1996,1996,4,-1,5,1.0265850120517797,memory data compression algorithm performance,Daniel A. Keim_1996_1999,8.426218,-4.9443746,9.454102
43_2020,2020,29,0,33,3.0154362483400696,volume flow rendering fields field,Markus Hadwiger_2020_2023,-10.825884,0.4870114,-10.549476
17_2020,2020,5,-1,13,2.541761731491789,volume flow rendering fields field,Rüdiger Westermann_2020_2023,-10.399051,0.31864432,-10.092996
23_2020,2020,1,-1,0,2.4477112680582103,visualization molecular data analysis medical,Arie E. Kaufman_2020_2023,-10.651234,0.33527905,-10.340253
13_1996,1996,10,-1,14,0.8822248543501036,security network internet visualization traffic,Tamara Munzner_1996_1999,8.624264,-5.0845537,9.682715
22_1990,1990,6,-1,1,0,volume flow rendering fields field,Bernd Hamann_1990_1993,10.301543,-7.0092664,11.818669
44_1993,1993,1,-1,5,1.2027144365400346,data visual visualization analysis graph,Daniel A. Keim_1993_1996,10.102998,-6.5710716,11.508844
13_1993,1993,6,-1,14,0.2764526854220746,security network internet visualization traffic,Tamara Munzner_1993_1996,8.94052,-5.647073,10.139529
44_1990,1990,11,-1,5,0,data visual visualization analysis graph,Daniel A. Keim_1990_1993,10.442315,-6.8262877,11.90461
